{"stats":{"minecraft:picked_up":{"minecraft:dirt":1},"minecraft:mined":{"minecraft:short_grass":1,"minecraft:grass_block":1},"minecraft:custom":{"minecraft:jump":35,"minecraft:time_since_rest":1609,"minecraft:leave_game":1,"minecraft:damage_dealt":15,"minecraft:walk_on_water_one_cm":984,"minecraft:sprint_one_cm":9255,"minecraft:play_time":1609,"minecraft:damage_taken":40,"minecraft:time_since_death":1609,"minecraft:walk_one_cm":3418,"minecraft:sneak_time":7,"minecraft:total_world_time":1609,"minecraft:walk_under_water_one_cm":317,"minecraft:swim_one_cm":1175,"minecraft:fall_one_cm":627,"minecraft:fly_one_cm":8305},"minecraft:used":{"minecraft:dirt":1}},"DataVersion":3953}